{"int": {"files": 0, "lines": 0}, "float": {"reporting_time": 0.005820035934448242, "capture_time": 0.0, "analysis_time": 0.5973939895629883}, "normal": {"infer_version": "d0ea01e3540dfc56e174113439c1bc058c1237d4", "analyzer": "infer"}}